{"1": {"Name": "Open black spruce forest", "Acronym": "A", "RED": 0.12156862745098039, "GREEN": 0.4666666666666667, "BLUE": 0.7058823529411765, "ALPHA": 1.0}, "2": {"Name": "Black spruce woodland", "Acronym": "B", "RED": 0.6823529411764706, "GREEN": 0.7803921568627451, "BLUE": 0.9098039215686274, "ALPHA": 1.0}, "3": {"Name": "Closed black spruce forest", "Acronym": "C", "RED": 1.0, "GREEN": 0.4980392156862745, "BLUE": 0.054901960784313725, "ALPHA": 1.0}, "16": {"Name": "wetlands", "Acronym": "D", "RED": 0.17254901960784313, "GREEN": 0.6274509803921569, "BLUE": 0.17254901960784313, "ALPHA": 1.0}, "6": {"Name": "Open paper birch forest", "Acronym": "E", "RED": 0.596078431372549, "GREEN": 0.8745098039215686, "BLUE": 0.5411764705882353, "ALPHA": 1.0}, "12": {"Name": "Open spruce - paper birch forest", "Acronym": "F", "RED": 0.8392156862745098, "GREEN": 0.15294117647058825, "BLUE": 0.1568627450980392, "ALPHA": 1.0}, "13": {"Name": "Closed spruce - paper birch- quacking aspen forest", "Acronym": "G", "RED": 0.5803921568627451, "GREEN": 0.403921568627451, "BLUE": 0.7411764705882353, "ALPHA": 1.0}, "4": {"Name": "Closed white spruce forest", "Acronym": "H", "RED": 0.7725490196078432, "GREEN": 0.6901960784313725, "BLUE": 0.8352941176470589, "ALPHA": 1.0}, "7": {"Name": "Open quacking aspen forest", "Acronym": "I", "RED": 0.5490196078431373, "GREEN": 0.33725490196078434, "BLUE": 0.29411764705882354, "ALPHA": 1.0}, "15": {"Name": "grassland", "Acronym": "J", "RED": 0.8901960784313725, "GREEN": 0.4666666666666667, "BLUE": 0.7607843137254902, "ALPHA": 1.0}, "5": {"Name": "White spruce woodland", "Acronym": "K", "RED": 0.9686274509803922, "GREEN": 0.7137254901960784, "BLUE": 0.8235294117647058, "ALPHA": 1.0}, "9": {"Name": "Closed paper birch-quacking aspen forest", "Acronym": "L", "RED": 0.4980392156862745, "GREEN": 0.4980392156862745, "BLUE": 0.4980392156862745, "ALPHA": 1.0}, "14": {"Name": "closed tall alder", "Acronym": "M", "RED": 0.7372549019607844, "GREEN": 0.7411764705882353, "BLUE": 0.13333333333333333, "ALPHA": 1.0}, "8": {"Name": "Open balsam poplar forest", "Acronym": "N", "RED": 0.8588235294117647, "GREEN": 0.8588235294117647, "BLUE": 0.5529411764705883, "ALPHA": 1.0}, "11": {"Name": "Open spruce - balsam poplar forest", "Acronym": "O", "RED": 0.09019607843137255, "GREEN": 0.7450980392156863, "BLUE": 0.8117647058823529, "ALPHA": 1.0}, "10": {"Name": "Open paper birch - quacking aspen forest", "Acronym": "P", "RED": 0.6196078431372549, "GREEN": 0.8549019607843137, "BLUE": 0.8980392156862745, "ALPHA": 1.0}}